Website Data Type,Website Data
Category Rank,509.0
Total Visits,187000.0
Bounce Rate,0.5039
Pages per Visit,4.08
Average Visit Duration,169.0
Total Keywords #5,504.0
Organic Keywords Percentage,0.9831
Paid Keywords Percentage,0.0169
Direct,0.4227
Referrals,0.33030000000000004
Organic Search,0.16920000000000002
Paid Search,0.061200000000000004
Social,0.005699999999999999
Mail,0.009899999999999999
Display,0.0009
